{"computation_time":{"0":556.8555407524},"n_users":{"0":610},"n_items_per_user":{"0":100},"timestamp":{"0":"2025-03-08T21:10:04.465438"},"cold_start_items":{"0":100},"genre_representation":{"0":{"Comedy":0.3865979381,"Drama":0.4478350515,"War":0.0391752577,"Horror":0.1004123711,"Mystery":0.0590721649,"Thriller":0.1944329897,"Adventure":0.1297938144,"Children":0.0683505155,"Action":0.1877319588,"Sci-Fi":0.1005154639,"Crime":0.1230927835,"Musical":0.0343298969,"Romance":0.1640206186,"Fantasy":0.08,"IMAX":0.0162886598,"Animation":0.062371134,"Western":0.0172164948,"Documentary":0.0451546392,"Film-Noir":0.0087628866,"(no genres listed)":0.0025773196}}}